{
    "faceGroups": {
        "groups": [
            [
                "86ed0fea-b8a1-45b2-83a6-c53645f42e06",
                "e0011edc-ea22-47b6-bd51-fa0a9ba9c45f",
                "53e2a1eb-f731-433a-bf79-727772998263",
                "01960194-172f-49a2-a1b5-87b185e7b5a8",
                "38395f91-3816-49d9-b559-b96264837e6c",
                "ec784769-e8b8-4fd1-b368-851ebce87c17",
                "9e357894-de31-4eac-95cb-221a180c5f47",
                "52bf24b2-4e0c-41ee-b27c-60e696cfa177",
                "843a13e3-f65b-4f5b-9e92-158ccaee78d8",
                "881acc89-2b6e-40a9-aeab-0b22bf54a8c6",
                "360bd34a-74e3-416a-87f8-934a9d6e788b"
            ],
            [
                "e7e684ed-61bc-4970-832f-f425f461ff9f",
                "818aa8b4-7d9c-4893-acb0-86bf0ca0239a",
                "39efdb5d-5352-4cc5-a603-b9490dcd94fc",
                "7c106127-2297-4a85-813d-0998cc71f87c",
                "1ab86b3b-112b-4c84-816d-2f059ab67852"
            ],
            [
                "60b82ba0-7d9b-4d49-af00-e62c89856425",
                "06bacdb1-7c14-4a45-bd48-0badd2e079b8",
                "33f2d847-5938-4996-a5c9-a78b1778f54f",
                "25e06f4d-1b3a-43b8-841e-5856b9729209",
                "46190619-afe4-4ec0-95c9-e8bf2556609c",
                "2af7fce8-ee80-4329-9acc-b912a9701529",
                "50b2c07b-e1ea-45db-b997-ee98ec757ccf",
                "e8ca36ce-851c-482a-b027-640cbbbda464",
                "22c6ad67-1306-47e5-a51c-2ec684bf5091",
                "6f7c7ad5-8ba4-4132-9dfe-24ed9e2b1d34",
                "92f6eb7e-d1c8-4267-8c3c-c4d862e67dd4"
            ],
            [
                "85356ba8-e42d-49b2-b654-8d803dfb8778",
                "152dd812-3435-4db1-80c6-c6959e851f6c",
                "8476ea79-1f9e-45a1-8bc9-2c0e09785476",
                "1e178988-7fac-4e80-a413-ca379e2c333d",
                "3ae50396-b1d3-4935-a566-7a51e597ec16",
                "98e465bb-d63f-4754-b3d8-3e333b9272d0",
                "0c1a0fe7-2dd1-415b-a891-ffb6e3b935dd"
            ]
        ],
        "messyGroup": [
            "900b7de9-a5b2-45b8-822b-059c8d64fd6f"
        ]
    },
    "faces": {
        "0.154153749710723": [],
        "0.24693976806071893": [],
        "2.5038022265133613": [],
        "327.15913746642866": [
            {
                "faceId": "e7e684ed-61bc-4970-832f-f425f461ff9f",
                "faceRectangle": {
                    "height": 58,
                    "width": 58,
                    "top": 114,
                    "left": 213
                }
            },
            {
                "faceId": "01960194-172f-49a2-a1b5-87b185e7b5a8",
                "faceRectangle": {
                    "height": 49,
                    "width": 49,
                    "top": 119,
                    "left": 381
                }
            },
            {
                "faceId": "60b82ba0-7d9b-4d49-af00-e62c89856425",
                "faceRectangle": {
                    "height": 48,
                    "width": 48,
                    "top": 111,
                    "left": 48
                }
            }
        ],
        "4.408989990869055": [],
        "101.4124742460349": [],
        "6.60669906705172": [],
        "49.857067511756135": [],
        "40.31440047759448": [],
        "339.0914638763037": [
            {
                "faceId": "39efdb5d-5352-4cc5-a603-b9490dcd94fc",
                "faceRectangle": {
                    "height": 58,
                    "width": 58,
                    "top": 114,
                    "left": 228
                }
            },
            {
                "faceId": "86ed0fea-b8a1-45b2-83a6-c53645f42e06",
                "faceRectangle": {
                    "height": 49,
                    "width": 49,
                    "top": 116,
                    "left": 381
                }
            },
            {
                "faceId": "33f2d847-5938-4996-a5c9-a78b1778f54f",
                "faceRectangle": {
                    "height": 48,
                    "width": 48,
                    "top": 109,
                    "left": 48
                }
            }
        ],
        "43.25403034428291": [],
        "44.580171406216756": [
            {
                "faceId": "152dd812-3435-4db1-80c6-c6959e851f6c",
                "faceRectangle": {
                    "height": 37,
                    "width": 37,
                    "top": 83,
                    "left": 346
                }
            }
        ],
        "162.87524548864383": [
            {
                "faceId": "0c1a0fe7-2dd1-415b-a891-ffb6e3b935dd",
                "faceRectangle": {
                    "height": 64,
                    "width": 64,
                    "top": 116,
                    "left": 322
                }
            },
            {
                "faceId": "818aa8b4-7d9c-4893-acb0-86bf0ca0239a",
                "faceRectangle": {
                    "height": 56,
                    "width": 56,
                    "top": 105,
                    "left": 165
                }
            }
        ],
        "209.59544537728797": [
            {
                "faceId": "38395f91-3816-49d9-b559-b96264837e6c",
                "faceRectangle": {
                    "height": 50,
                    "width": 50,
                    "top": 114,
                    "left": 383
                }
            },
            {
                "faceId": "92f6eb7e-d1c8-4267-8c3c-c4d862e67dd4",
                "faceRectangle": {
                    "height": 49,
                    "width": 49,
                    "top": 109,
                    "left": 51
                }
            }
        ],
        "146.04699714915918": [],
        "147.3812542894466": [],
        "94.93958823395182": [],
        "196.21459753416386": [],
        "250.09608637673898": [
            {
                "faceId": "900b7de9-a5b2-45b8-822b-059c8d64fd6f",
                "faceRectangle": {
                    "height": 60,
                    "width": 60,
                    "top": 124,
                    "left": 273
                }
            },
            {
                "faceId": "06bacdb1-7c14-4a45-bd48-0badd2e079b8",
                "faceRectangle": {
                    "height": 49,
                    "width": 49,
                    "top": 111,
                    "left": 53
                }
            },
            {
                "faceId": "360bd34a-74e3-416a-87f8-934a9d6e788b",
                "faceRectangle": {
                    "height": 49,
                    "width": 49,
                    "top": 118,
                    "left": 367
                }
            }
        ],
        "62.13810147403949": []
    },
    "hardcuts": [
        2.4,
        3.16,
        59.08,
        59.84,
        104.44,
        114.44,
        161.20000000000002,
        163.8,
        164.56,
        207.72,
        208.48000000000002,
        273.0,
        273.76,
        288.12,
        288.88,
        371.96,
        372.72,
        402.88,
        402.96000000000004,
        535.6800000000001
    ],